Arica y Parinacota;,Albergue Plan Protege Calle COVID-19;,Arica;,Albergue Plan Protege Calle;,Azapa, Arica, Arica y Parinacota, Chile;,COFEDUC;,24 hrs.;,20;,Ver Mapa;,-18.5267348;,-70.166358;,https://maps.googleapis.com/maps/api/geocode/json?address=Azapa,+Arica,+Arica+y+Parinacota,+Chile&key=AIzaSyBr8k58m1tkHh0QNc5S2KRzcpDYuMREu0A;
Arica y Parinacota;,Albergue;,Arica;,Albergue;,Tucapel 2518, Arica, Arica y Parinacota, Chile;,Corporación Maymuru;,24 hrs.;,20;,Ver Mapa;,-18.475353;,-70.2905841;,https://maps.googleapis.com/maps/api/geocode/json?address=Tucapel+2518,+Arica,+Arica+y+Parinacota,+Chile&key=AIzaSyBr8k58m1tkHh0QNc5S2KRzcpDYuMREu0A;
Arica y Parinacota;,Albergue;,Arica;,Albergue;,Pje 11 1104, Arica, Arica y Parinacota, Chile;,COFEDUC;,24 hrs;,20;,Ver Mapa;,-18.4724203;,-70.3012499;,https://maps.googleapis.com/maps/api/geocode/json?address=Pje+11+1104,+Arica,+Arica+y+Parinacota,+Chile&key=AIzaSyBr8k58m1tkHh0QNc5S2KRzcpDYuMREu0A;
Tarapacá;,Albergue;,Alto Hospicio;,Albergue;,Cerro Sta Rosa 3435, Alto Hospicio, Tarapacá, Chile;,Municipalidad Alto Hospicio;,24 hrs.;,20;,Ver Mapa;,-20.2727157;,-70.1042596;,https://maps.googleapis.com/maps/api/geocode/json?address=Cerro+Sta+Rosa+3435,+Alto+Hospicio,+Tarapacá,+Chile&key=AIzaSyBr8k58m1tkHh0QNc5S2KRzcpDYuMREu0A;
Tarapacá;,Albergue;,Iquique;,Albergue;,Las Zampoñas 2205, Iquique, Tarapacá, Chile;,Fundacion UNAP;,24 hrs.;,20;,Ver Mapa;,-20.2341151;,-70.1340937;,https://maps.googleapis.com/maps/api/geocode/json?address=Las+Zampoñas+2205,+Iquique,+Tarapacá,+Chile&key=AIzaSyBr8k58m1tkHh0QNc5S2KRzcpDYuMREu0A;
Antofagasta;,Albergue;,Antofagasta;,Albergue PI;,Achao 6000, Antofagasta, Chile;,Comunidad Terapéutica Tabor;,24 hrs.;,20;,Ver Mapa;,-23.6182822;,-70.37931859999999;,https://maps.googleapis.com/maps/api/geocode/json?address=Achao+6000,+Antofagasta,+Chile&key=AIzaSyBr8k58m1tkHh0QNc5S2KRzcpDYuMREu0A;
Antofagasta;,Albergue Plan Protege Calle COVID-19;,Antofagasta;,Albergue Plan Protege;,Av. Pedro Aguirre Cerda 9479, Antofagasta, antofagasta, Chile;,Comunidad Terapéutica Tabor;,24 hrs.;,20;,Ver Mapa;,-23.5788693;,-70.3910356;,https://maps.googleapis.com/maps/api/geocode/json?address=Av.+Pedro+Aguirre+Cerda+9479,+Antofagasta,+antofagasta,+Chile&key=AIzaSyBr8k58m1tkHh0QNc5S2KRzcpDYuMREu0A;
Antofagasta;,Albergue;,Calama;,Albergue;,Baquedano 1139, Calama, Antofagasta, Chile;,Municipalidad de Calama;,24 hrs;,20;,Ver Mapa;,-22.4528341;,-68.9168358;,https://maps.googleapis.com/maps/api/geocode/json?address=Baquedano+1139,+Calama,+Antofagasta,+Chile&key=AIzaSyBr8k58m1tkHh0QNc5S2KRzcpDYuMREu0A;
Atacama;,Albergue Plan Protege Calle COVID-19;,Copiapó;,albergue Protege;,Las Brisas 6443, Copiapó, Atacama, Chile;,Fundación Cuatro Esquinas;,24 hrs.;,20;,Ver Mapa;,-27.4095269;,-70.2828492;,https://maps.googleapis.com/maps/api/geocode/json?address=Las+Brisas+6443,+Copiapó,+Atacama,+Chile&key=AIzaSyBr8k58m1tkHh0QNc5S2KRzcpDYuMREu0A;
Coquimbo;,Albergue Plan Protege Calle COVID-19;,Coquimbo;,Abergue Plan Portege Calle;,Miraflores 528, Coquimbo, coquimbo,Chile;,Municipalidad de Coquimbo;,24 hrs.;,20;,Ver Mapa;,-29.9669281;,-71.3284383;,https://maps.googleapis.com/maps/api/geocode/json?address=Miraflores+528,+Coquimbo,+coquimbo,Chile&key=AIzaSyBr8k58m1tkHh0QNc5S2KRzcpDYuMREu0A;
Coquimbo;,Albergue;,La Serena;,Albergue;,Las Casas, La Serena, Coquimbo, Chile;,Gobernación del Elqui;,24 hrs.;,20;,Ver Mapa;,-29.9043383;,-71.24454759999999;,https://maps.googleapis.com/maps/api/geocode/json?address=Las+Casas,+La+Serena,+Coquimbo,+Chile&key=AIzaSyBr8k58m1tkHh0QNc5S2KRzcpDYuMREu0A;
Coquimbo;,Albergue;,Ovalle;,Albergue;,Socos 64, Ovalle, Coquimbo, Chile;,Gobernación del Limarí;,24 hrs.;,20;,Ver Mapa;,-30.6000795;,-71.2000092;,https://maps.googleapis.com/maps/api/geocode/json?address=Socos+64,+Ovalle,+Coquimbo,+Chile&key=AIzaSyBr8k58m1tkHh0QNc5S2KRzcpDYuMREu0A;
Valparaíso;,Albergue;,Calera;,Albergue;,Carrera 1075, La Calera, Calera, Valparaíso, Chile;,Municipalidad de  La Calera;,24 hrs.;,20;,Ver Mapa;,-32.787776;,-71.1956805;,https://maps.googleapis.com/maps/api/geocode/json?address=Carrera+1075,+La+Calera,+Calera,+Valparaíso,+Chile&key=AIzaSyBr8k58m1tkHh0QNc5S2KRzcpDYuMREu0A;
Valparaíso;,Albergue;,Limache;,Albergue;,Echaurren, Limache, Valparaíso, Chile;,Municipalidad de Limache;,24 hrs.;,20;,Ver Mapa;,-33.0036965;,-71.2661954;,https://maps.googleapis.com/maps/api/geocode/json?address=Echaurren,+Limache,+Valparaíso,+Chile&key=AIzaSyBr8k58m1tkHh0QNc5S2KRzcpDYuMREu0A;
Valparaíso;,Albergue;,Los Andes;,Albergue;,Presidente Doctor Salvador Allende 131, Los Andes, Valparaíso, Chile;,Municipalidad de Los Andes;,24 hrs.;,20;,Ver Mapa;,-32.8231895;,-70.60868099999999;,https://maps.googleapis.com/maps/api/geocode/json?address=Presidente+Doctor+Salvador+Allende+131,+Los+Andes,+Valparaíso,+Chile&key=AIzaSyBr8k58m1tkHh0QNc5S2KRzcpDYuMREu0A;
Valparaíso;,Albergue;,Quillota;,Albergue;,Blanco Encalada 158, Quillota, Valparaíso, Chile;,Municipalidad de Quillota;,24 hrs.;,20;,Ver Mapa;,-32.8788162;,-71.2441417;,https://maps.googleapis.com/maps/api/geocode/json?address=Blanco+Encalada+158,+Quillota,+Valparaíso,+Chile&key=AIzaSyBr8k58m1tkHh0QNc5S2KRzcpDYuMREu0A;
Valparaíso;,Albergue Plan Protege Calle COVID-19;,Quilpué;,Albergue Protege;,El Retiro 752, Quilpué, Valparaíso, Chile;,Fundación Amalegría;,24 hrs.;,20;,Ver Mapa;,-33.0351715;,-71.44209219999999;,https://maps.googleapis.com/maps/api/geocode/json?address=El+Retiro+752,+Quilpué,+Valparaíso,+Chile&key=AIzaSyBr8k58m1tkHh0QNc5S2KRzcpDYuMREu0A;
Valparaíso;,Albergue;,Quilpué;,Albergue;,Ramón Ángel Jara, Quilpué, Valparaíso, Chile;,Municipalidad de Quilpué;,24 hrs.;,20;,Ver Mapa;,-33.0593822;,-71.4022526;,https://maps.googleapis.com/maps/api/geocode/json?address=Ramón+Ángel+Jara,+Quilpué,+Valparaíso,+Chile&key=AIzaSyBr8k58m1tkHh0QNc5S2KRzcpDYuMREu0A;
Valparaíso;,Albergue;,San Antonio;,Albergue;,Veintiuno de Mayo 1092, San Antonio, Valparaíso, Chile;,Gobernación de San Antonio;,24 hrs.;,20;,Ver Mapa;,-33.591681;,-71.6126261;,https://maps.googleapis.com/maps/api/geocode/json?address=Veintiuno+de+Mayo+1092,+San+Antonio,+Valparaíso,+Chile&key=AIzaSyBr8k58m1tkHh0QNc5S2KRzcpDYuMREu0A;
Valparaíso;,Albergue;,San Felipe;,Albergue;,Abraham Ahumada 99, San Felipe, Valparaíso, Chile;,Gobernación de  San Felipe;,24 hrs.;,20;,Ver Mapa;,-32.7408771;,-70.7208862;,https://maps.googleapis.com/maps/api/geocode/json?address=Abraham+Ahumada+99,+San+Felipe,+Valparaíso,+Chile&key=AIzaSyBr8k58m1tkHh0QNc5S2KRzcpDYuMREu0A;
Valparaíso;,Albergue;,San Felipe;,Albergue;,Toro Mazote 358, San Felipe, Valparaíso, Chile;,Municipalidad de San Felipe;,24 hrs.;,20;,Ver Mapa;,-32.7544917;,-70.7228018;,https://maps.googleapis.com/maps/api/geocode/json?address=Toro+Mazote+358,+San+Felipe,+Valparaíso,+Chile&key=AIzaSyBr8k58m1tkHh0QNc5S2KRzcpDYuMREu0A;
Valparaíso;,Albergue;,San Felipe;,Albergue de Refuerzo;,Maria Eufrasia 1350, San Felipe, Valparaíso, Chile;,Gobernación de San Felipe;,24 hrs.;,20;,Ver Mapa;,-32.7551405;,-70.7194602;,https://maps.googleapis.com/maps/api/geocode/json?address=Maria+Eufrasia+1350,+San+Felipe,+Valparaíso,+Chile&key=AIzaSyBr8k58m1tkHh0QNc5S2KRzcpDYuMREu0A;
Valparaíso;,Albergue Plan Protege Calle COVID-19;,Valparaíso;,Albergue Protege;,Santiago Severin 156, Valparaíso,valparaiso, Chile;,Moviliza;,24 hrs;,20;,Ver Mapa;,-33.0372575;,-71.6327457;,https://maps.googleapis.com/maps/api/geocode/json?address=Santiago+Severin+156,+Valparaíso,valparaiso,+Chile&key=AIzaSyBr8k58m1tkHh0QNc5S2KRzcpDYuMREu0A;
Valparaíso;,Albergue;,Viña del Mar;,Albergue;,24 Nte. 1341, Viña del Mar, Valparaíso, Chile;,Municipalidad de Viña del Mar;,24 hrs.;,20;,Ver Mapa;,-33.002209;,-71.54006;,https://maps.googleapis.com/maps/api/geocode/json?address=24+Nte.+1341,+Viña+del+Mar,+Valparaíso,+Chile&key=AIzaSyBr8k58m1tkHh0QNc5S2KRzcpDYuMREu0A;
Metropolitana;,Albergue;,Buin;,Albergue;,José Miguel Carrera 433, Buin, Región Metropolitana, Chile;,Municipalidad de Buin;,24 hrs.;,20;,Ver Mapa;,-33.7219328;,-70.7431546;,https://maps.googleapis.com/maps/api/geocode/json?address=José+Miguel+Carrera+433,+Buin,+Región+Metropolitana,+Chile&key=AIzaSyBr8k58m1tkHh0QNc5S2KRzcpDYuMREu0A;
Metropolitana;,Albergue;,Cerro Navia;,Albergue;,Galo González 1523, Cerro Navia, Región Metropolitana, Chile;,Municipalidad de Cerro Navia;,24 hrs.;,20;,Ver Mapa;,-33.4244883;,-70.7365324;,https://maps.googleapis.com/maps/api/geocode/json?address=Galo+González+1523,+Cerro+Navia,+Región+Metropolitana,+Chile&key=AIzaSyBr8k58m1tkHh0QNc5S2KRzcpDYuMREu0A;
Metropolitana;,Albergue;,Conchalí;,Albergue;,Av. Diagonal Cardenal José María Caro 1851, Conchalí, Región Metropolitana, Chile;,Fundación Hogar de Cristo;,24 hrs;,20;,Ver Mapa;,-33.3729999;,-70.6834102;,https://maps.googleapis.com/maps/api/geocode/json?address=Av.+Diagonal+Cardenal+José+María+Caro+1851,+Conchalí,+Región+Metropolitana,+Chile&key=AIzaSyBr8k58m1tkHh0QNc5S2KRzcpDYuMREu0A;
Metropolitana;,Albergue;,Conchalí;,Albergue;,San Fernando 1262, Conchalí, Región Metropolitana, Chile;,Municipalidad de Conchalí;,24 hrs;,20;,Ver Mapa;,-33.3927164;,-70.6611875;,https://maps.googleapis.com/maps/api/geocode/json?address=San+Fernando+1262,+Conchalí,+Región+Metropolitana,+Chile&key=AIzaSyBr8k58m1tkHh0QNc5S2KRzcpDYuMREu0A;
Metropolitana;,Albergue Plan Protege Calle COVID-19;,Estación Central;,Albergue C-19 Parroquia Sagrado Corazón;,Av Libertador Bernardo O'Higgins 3138, Santiago, Estación Central, Región Metropolitana, Chile;,Fundación Mission Golden;,24 hrs;,20;,Ver Mapa;,-33.4511178;,-70.678009;,https://maps.googleapis.com/maps/api/geocode/json?address=Av+Libertador+Bernardo+O'Higgins+3138,+Santiago,+Estación+Central,+Región+Metropolitana,+Chile&key=AIzaSyBr8k58m1tkHh0QNc5S2KRzcpDYuMREu0A;
Metropolitana;,Albergue;,Huechuraba;,Albergue de Refuerzo;,Camino Al Bosque de Santiago 491, Huechuraba, Región Metropolitana, Chile;,Municipalidad de Huechuraba;,24 hrs.;,20;,Ver Mapa;,-33.3745617;,-70.6343401;,https://maps.googleapis.com/maps/api/geocode/json?address=Camino+Al+Bosque+de+Santiago+491,+Huechuraba,+Región+Metropolitana,+Chile&key=AIzaSyBr8k58m1tkHh0QNc5S2KRzcpDYuMREu0A;
Metropolitana;,Albergue;,La Florida;,Albergue;,Trinidad 1767, La Florida, Región Metropolitana, Chile;,Iglesia Volver a Vivir;,24 hrs;,20;,Ver Mapa;,-33.546484;,-70.6099086;,https://maps.googleapis.com/maps/api/geocode/json?address=Trinidad+1767,+La+Florida,+Región+Metropolitana,+Chile&key=AIzaSyBr8k58m1tkHh0QNc5S2KRzcpDYuMREu0A;
Metropolitana;,Albergue;,La Florida;,Albergue;,Las Perdices 6987, La Florida, Región Metropolitana, Chile;,Fundación Educere;,24 hrs.;,20;,Ver Mapa;,-33.5206246;,-70.5470124;,https://maps.googleapis.com/maps/api/geocode/json?address=Las+Perdices+6987,+La+Florida,+Región+Metropolitana,+Chile&key=AIzaSyBr8k58m1tkHh0QNc5S2KRzcpDYuMREu0A;
Metropolitana;,Albergue;,La Granja;,Albergue;,Padre Esteban Gumucio Vives 498, La Granja, Región Metropolitana, Chile;,Fundación Damián Molokai;,24 hrs;,20;,Ver Mapa;,-33.520245;,-70.62770569999999;,https://maps.googleapis.com/maps/api/geocode/json?address=Padre+Esteban+Gumucio+Vives+498,+La+Granja,+Región+Metropolitana,+Chile&key=AIzaSyBr8k58m1tkHh0QNc5S2KRzcpDYuMREu0A;
Metropolitana;,Albergue;,La Pintana;,Albergue;,Los Plátanos 658, La Pintana, Región Metropolitana, Chile;,Fundación Mission Golden;,24 hrs.;,20;,Ver Mapa;,-33.6146463;,-70.62704;,https://maps.googleapis.com/maps/api/geocode/json?address=Los+Plátanos+658,+La+Pintana,+Región+Metropolitana,+Chile&key=AIzaSyBr8k58m1tkHh0QNc5S2KRzcpDYuMREu0A;
Metropolitana;,Albergue;,La Reina;,Albergue de Refuerzo;,Arrieta 551, Villa Alemana, La Reina, Región Metropolitana, Chile;,Municipalidad de Villa Alemana;,24 hrs.;,20;,Ver Mapa;,-33.4625483;,-70.5604768;,https://maps.googleapis.com/maps/api/geocode/json?address=Arrieta+551,+Villa+Alemana,+La+Reina,+Región+Metropolitana,+Chile&key=AIzaSyBr8k58m1tkHh0QNc5S2KRzcpDYuMREu0A;
Metropolitana;,Albergue;,La Reina;,Albergue;,Av. Alcalde Fernando Castillo Velasco 9770, La Reina, Región Metropolitana, Chile;,Municipalidad de La Reina;,24 hrs.;,20;,Ver Mapa;,-33.4522539;,-70.5310659;,https://maps.googleapis.com/maps/api/geocode/json?address=Av.+Alcalde+Fernando+Castillo+Velasco+9770,+La+Reina,+Región+Metropolitana,+Chile&key=AIzaSyBr8k58m1tkHh0QNc5S2KRzcpDYuMREu0A;
Metropolitana;,Albergue;,Lampa;,Albergue;,Hogar de Cristo, Lampa, Región Metropolitana, Chile;,Municipalidad de Lampa;,24 hrs.;,20;,Ver Mapa;,-33.2918899;,-70.7704048;,https://maps.googleapis.com/maps/api/geocode/json?address=Hogar+de+Cristo,+Lampa,+Región+Metropolitana,+Chile&key=AIzaSyBr8k58m1tkHh0QNc5S2KRzcpDYuMREu0A;
Metropolitana;,Albergue;,Lo Espejo;,Albergue;,Buenaventura 3906, Lo Espejo, Región Metropolitana, Chile;,Corporación Caleta Sur;,24 hrs.;,20;,Ver Mapa;,-33.505616;,-70.6942529;,https://maps.googleapis.com/maps/api/geocode/json?address=Buenaventura+3906,+Lo+Espejo,+Región+Metropolitana,+Chile&key=AIzaSyBr8k58m1tkHh0QNc5S2KRzcpDYuMREu0A;
Metropolitana;,Albergue;,Lo Prado;,Albergue de Refuerzo;,Los Tamarindos 5603, Lo Prado, Región Metropolitana, Chile;,Fundación Betesda;,24 hrs.;,20;,Ver Mapa;,-33.440188;,-70.7121564;,https://maps.googleapis.com/maps/api/geocode/json?address=Los+Tamarindos+5603,+Lo+Prado,+Región+Metropolitana,+Chile&key=AIzaSyBr8k58m1tkHh0QNc5S2KRzcpDYuMREu0A;
Metropolitana;,Albergue;,Lo Prado;,Albergue de Refuerzo;,Nueve de Julio 5607, Lo Prado, Región Metropolitana, Chile;,Fundación Betesda;,24 hrs.;,20;,Ver Mapa;,-33.4388077;,-70.7126187;,https://maps.googleapis.com/maps/api/geocode/json?address=Nueve+de+Julio+5607,+Lo+Prado,+Región+Metropolitana,+Chile&key=AIzaSyBr8k58m1tkHh0QNc5S2KRzcpDYuMREu0A;
Metropolitana;,Albergue;,Lo Prado;,Albergue;,Los Canelos 831, Lo Prado, Región Metropolitana, Chile;,Club Rehabilitador de Alcohólicos Lo Prado;,24 hrs;,20;,Ver Mapa;,-33.4433319;,-70.7279835;,https://maps.googleapis.com/maps/api/geocode/json?address=Los+Canelos+831,+Lo+Prado,+Región+Metropolitana,+Chile&key=AIzaSyBr8k58m1tkHh0QNc5S2KRzcpDYuMREu0A;
Metropolitana;,Albergue;,Melipilla;,Albergue;,Pdre Demetrio Bravo 110, Melipilla, Región Metropolitana, Chile;,Padre Demetrio;,24 hrs.;,20;,Ver Mapa;,-33.6791573;,-71.208005;,https://maps.googleapis.com/maps/api/geocode/json?address=Pdre+Demetrio+Bravo+110,+Melipilla,+Región+Metropolitana,+Chile&key=AIzaSyBr8k58m1tkHh0QNc5S2KRzcpDYuMREu0A;
Metropolitana;,Albergue;,Padre Hurtado;,Albergue;,José Luis Caro 200, Padre Hurtado, Región Metropolitana, Chile;,Municipalidad de  Padre Hurtado;,24 hrs.;,20;,Ver Mapa;,-33.5678475;,-70.8171179;,https://maps.googleapis.com/maps/api/geocode/json?address=José+Luis+Caro+200,+Padre+Hurtado,+Región+Metropolitana,+Chile&key=AIzaSyBr8k58m1tkHh0QNc5S2KRzcpDYuMREu0A;
Metropolitana;,Albergue;,Pedro Aguirre Cerda;,Albergue de Refuerzo;,José Joaquín Prieto Vial 3391, Pedro Aguirre Cerda, Región Metropolitana, Chile;,Fundacion Rapha;,24 hrs.;,20;,Ver Mapa;,-33.4827295;,-70.6583187;,https://maps.googleapis.com/maps/api/geocode/json?address=José+Joaquín+Prieto+Vial+3391,+Pedro+Aguirre+Cerda,+Región+Metropolitana,+Chile&key=AIzaSyBr8k58m1tkHh0QNc5S2KRzcpDYuMREu0A;
Metropolitana;,Albergue;,Peñaflor;,Albergue;,Av. Miraflores 1683, Penaflor, Peñaflor, Región Metropolitana, Chile;,Gobernacion de Talagante;,24 hrs;,20;,Ver Mapa;,-33.5997167;,-70.8688085;,https://maps.googleapis.com/maps/api/geocode/json?address=Av.+Miraflores+1683,+Penaflor,+Peñaflor,+Región+Metropolitana,+Chile&key=AIzaSyBr8k58m1tkHh0QNc5S2KRzcpDYuMREu0A;
Metropolitana;,Albergue;,Peñalolén;,Albergue;,Cruz Almeyda 1051, Penalolen, Peñalolén, Región Metropolitana, Chile;,Fundación Giovanni XXIII;,24 hrs;,20;,Ver Mapa;,-33.4636698;,-70.5705717;,https://maps.googleapis.com/maps/api/geocode/json?address=Cruz+Almeyda+1051,+Penalolen,+Peñalolén,+Región+Metropolitana,+Chile&key=AIzaSyBr8k58m1tkHh0QNc5S2KRzcpDYuMREu0A;
Metropolitana;,Albergue;,Peñalolén;,Albergue;,Av. Quebrada de Macul 7120, Penalolen, Peñalolén, Región Metropolitana, Chile;,Fundación Damián Molokai;,24 hrs;,20;,Ver Mapa;,-33.5064583;,-70.5594794;,https://maps.googleapis.com/maps/api/geocode/json?address=Av.+Quebrada+de+Macul+7120,+Penalolen,+Peñalolén,+Región+Metropolitana,+Chile&key=AIzaSyBr8k58m1tkHh0QNc5S2KRzcpDYuMREu0A;
Metropolitana;,Albergue;,Providencia;,Albergue PI (Familiar);,Av. Ricardo Lyon 1085, Providencia, Región Metropolitana, Chile;,Iglesia Volver a Vivir;,24 hrs;,20;,Ver Mapa;,-33.4312976;,-70.6064366;,https://maps.googleapis.com/maps/api/geocode/json?address=Av.+Ricardo+Lyon+1085,+Providencia,+Región+Metropolitana,+Chile&key=AIzaSyBr8k58m1tkHh0QNc5S2KRzcpDYuMREu0A;
Metropolitana;,Albergue;,Puente Alto;,Albergue Familias;,Tocornal Grez, Puente Alto, Región Metropolitana, Chile;,Municipalidad de Puente Alto;,24 hrs.;,20;,Ver Mapa;,-33.6142375;,-70.5784875;,https://maps.googleapis.com/maps/api/geocode/json?address=Tocornal+Grez,+Puente+Alto,+Región+Metropolitana,+Chile&key=AIzaSyBr8k58m1tkHh0QNc5S2KRzcpDYuMREu0A;
Metropolitana;,Albergue;,Puente Alto;,Albergue;,Pedro Lagos 240, Puente Alto, Región Metropolitana, Chile;,Fundación Educere;,24 hrs.;,20;,Ver Mapa;,-33.6113473;,-70.5722662;,https://maps.googleapis.com/maps/api/geocode/json?address=Pedro+Lagos+240,+Puente+Alto,+Región+Metropolitana,+Chile&key=AIzaSyBr8k58m1tkHh0QNc5S2KRzcpDYuMREu0A;
Metropolitana;,Albergue;,Puente Alto;,Albergue;,Sgto Menadier 276, Puente Alto, Región Metropolitana, Chile;,Municipalidad de Puente Alto;,24 hrs.;,20;,Ver Mapa;,-33.6170395;,-70.5789178;,https://maps.googleapis.com/maps/api/geocode/json?address=Sgto+Menadier+276,+Puente+Alto,+Región+Metropolitana,+Chile&key=AIzaSyBr8k58m1tkHh0QNc5S2KRzcpDYuMREu0A;
Metropolitana;,Albergue;,Quilicura;,Albergue;,Cabo 2° Job Isaías Burgos Burgos, Quilicura, Región Metropolitana, Chile;,Municipalidad de Quilicura;,24 hrs;,20;,Ver Mapa;,-33.3664679;,-70.7479481;,https://maps.googleapis.com/maps/api/geocode/json?address=Cabo+2°+Job+Isaías+Burgos+Burgos,+Quilicura,+Región+Metropolitana,+Chile&key=AIzaSyBr8k58m1tkHh0QNc5S2KRzcpDYuMREu0A;
Metropolitana;,Albergue;,Quilicura;,Albergue;,Aníbal Pinto 303, Quilicura, Región Metropolitana, Chile;,Municipalidad de Quilicura;,24 hrs;,20;,Ver Mapa;,-33.3713523;,-70.7434287;,https://maps.googleapis.com/maps/api/geocode/json?address=Aníbal+Pinto+303,+Quilicura,+Región+Metropolitana,+Chile&key=AIzaSyBr8k58m1tkHh0QNc5S2KRzcpDYuMREu0A;
Metropolitana;,Albergue;,Quinta Normal;,Albergue de Refuerzo;,San Pablo 3434, Quinta Normal, Región Metropolitana, Chile;,Fundación Mission Golden *;,24 hrs.;,20;,Ver Mapa;,-33.436512;,-70.6816012;,https://maps.googleapis.com/maps/api/geocode/json?address=San+Pablo+3434,+Quinta+Normal,+Región+Metropolitana,+Chile&key=AIzaSyBr8k58m1tkHh0QNc5S2KRzcpDYuMREu0A;
Metropolitana;,Albergue;,Recoleta;,Albergue;,Los Cardenales Ote. 420, Recoleta, Región Metropolitana, Chile;,Fundación Cristo Vive;,24 hrs.;,20;,Ver Mapa;,-33.3926704;,-70.62981169999999;,https://maps.googleapis.com/maps/api/geocode/json?address=Los+Cardenales+Ote.+420,+Recoleta,+Región+Metropolitana,+Chile&key=AIzaSyBr8k58m1tkHh0QNc5S2KRzcpDYuMREu0A;
Metropolitana;,Albergue;,Recoleta;,Albergue de Refuerzo;,Emiliano Zapata, Recoleta, Región Metropolitana, Chile;,CEBACH;,24 hrs.;,20;,Ver Mapa;,-33.3983951;,-70.6503934;,https://maps.googleapis.com/maps/api/geocode/json?address=Emiliano+Zapata,+Recoleta,+Región+Metropolitana,+Chile&key=AIzaSyBr8k58m1tkHh0QNc5S2KRzcpDYuMREu0A;
Metropolitana;,Albergue;,Renca;,Albergue;,Costanera Nte., Renca, Región Metropolitana, Chile;,Municipalidad de Renca;,24 hrs.;,20;,Ver Mapa;,-33.4126426;,-70.72747489999999;,https://maps.googleapis.com/maps/api/geocode/json?address=Costanera+Nte.,+Renca,+Región+Metropolitana,+Chile&key=AIzaSyBr8k58m1tkHh0QNc5S2KRzcpDYuMREu0A;
Metropolitana;,Albergue;,Renca;,Albergue;,El Cerro, Renca, Región Metropolitana, Chile;,Fundación Cristo de la Noche;,24 hrs.;,20;,Ver Mapa;,-33.3991091;,-70.7137322;,https://maps.googleapis.com/maps/api/geocode/json?address=El+Cerro,+Renca,+Región+Metropolitana,+Chile&key=AIzaSyBr8k58m1tkHh0QNc5S2KRzcpDYuMREu0A;
Metropolitana;,Albergue;,Renca;,Albergue;,Condell 5200, Renca, Región Metropolitana, Chile;,Municipalidad de Renca;,24 hrs.;,20;,Ver Mapa;,-33.4094433;,-70.7235086;,https://maps.googleapis.com/maps/api/geocode/json?address=Condell+5200,+Renca,+Región+Metropolitana,+Chile&key=AIzaSyBr8k58m1tkHh0QNc5S2KRzcpDYuMREu0A;
Metropolitana;,Albergue Plan Protege Calle COVID-19;,San Bernardo;,Albergue C-19 San Bernardo;,Sta Teresa de Tango 1877, San Bernardo, Región Metropolitana, Chile;,Fundación Mission Golden;,24 hrs.;,20;,Ver Mapa;,-33.6329744;,-70.73807579999999;,https://maps.googleapis.com/maps/api/geocode/json?address=Sta+Teresa+de+Tango+1877,+San+Bernardo,+Región+Metropolitana,+Chile&key=AIzaSyBr8k58m1tkHh0QNc5S2KRzcpDYuMREu0A;
Metropolitana;,Albergue;,San Bernardo;,Albergue;,Sta Teresa 1876, San Bernardo, Región Metropolitana, Chile;,Fundación Rapha;,24 hrs;,20;,Ver Mapa;,-33.5902539;,-70.6664428;,https://maps.googleapis.com/maps/api/geocode/json?address=Sta+Teresa+1876,+San+Bernardo,+Región+Metropolitana,+Chile&key=AIzaSyBr8k58m1tkHh0QNc5S2KRzcpDYuMREu0A;
Metropolitana;,Albergue;,San Miguel;,Albergue;,San Petersburgo 6120, San Miguel, Región Metropolitana, Chile;,Pentecostes;,24 hrs.;,20;,Ver Mapa;,-33.5134967;,-70.6467081;,https://maps.googleapis.com/maps/api/geocode/json?address=San+Petersburgo+6120,+San+Miguel,+Región+Metropolitana,+Chile&key=AIzaSyBr8k58m1tkHh0QNc5S2KRzcpDYuMREu0A;
Metropolitana;,Albergue;,Santiago;,Albergue;,Salvador Sanfuentes 2363, Santiago, Región Metropolitana, Chile;,Pentecostes;,24 hrs.;,20;,Ver Mapa;,-33.4501892;,-70.6690363;,https://maps.googleapis.com/maps/api/geocode/json?address=Salvador+Sanfuentes+2363,+Santiago,+Región+Metropolitana,+Chile&key=AIzaSyBr8k58m1tkHh0QNc5S2KRzcpDYuMREu0A;
Metropolitana;,Albergue;,Santiago;,Albergue;,Rogelio Ugarte 1447, Santiago, Región Metropolitana, Chile;,Pentecostes;,24 hrs.;,20;,Ver Mapa;,-33.4626938;,-70.6336072;,https://maps.googleapis.com/maps/api/geocode/json?address=Rogelio+Ugarte+1447,+Santiago,+Región+Metropolitana,+Chile&key=AIzaSyBr8k58m1tkHh0QNc5S2KRzcpDYuMREu0A;
Metropolitana;,Albergue;,Santiago;,Albergue;,Almirante Barroso 547, Santiago, Región Metropolitana, Chile;,Fundación Mission Golden;,24 hrs.;,20;,Ver Mapa;,-33.4379474;,-70.66242079999999;,https://maps.googleapis.com/maps/api/geocode/json?address=Almirante+Barroso+547,+Santiago,+Región+Metropolitana,+Chile&key=AIzaSyBr8k58m1tkHh0QNc5S2KRzcpDYuMREu0A;
Metropolitana;,Albergue;,Santiago;,Albergue;,Andes 3241, Santiago, Región Metropolitana, Chile;,ONG Cidets;,24 hrs.;,20;,Ver Mapa;,-33.4336393;,-70.6798026;,https://maps.googleapis.com/maps/api/geocode/json?address=Andes+3241,+Santiago,+Región+Metropolitana,+Chile&key=AIzaSyBr8k58m1tkHh0QNc5S2KRzcpDYuMREu0A;
Metropolitana;,Albergue;,Santiago;,Albergue;,Agustinas 2113, Santiago, Región Metropolitana, Chile;,Fundación Rapha;,24 hrs;,20;,Ver Mapa;,-33.4419053;,-70.6658036;,https://maps.googleapis.com/maps/api/geocode/json?address=Agustinas+2113,+Santiago,+Región+Metropolitana,+Chile&key=AIzaSyBr8k58m1tkHh0QNc5S2KRzcpDYuMREu0A;
Metropolitana;,Albergue;,Santiago;,Albergue;,Villavicencio, Santiago, Región Metropolitana, Chile;,Corporación Tres Tiempos;,24 hrs.;,20;,Ver Mapa;,-33.4381842;,-70.6393365;,https://maps.googleapis.com/maps/api/geocode/json?address=Villavicencio,+Santiago,+Región+Metropolitana,+Chile&key=AIzaSyBr8k58m1tkHh0QNc5S2KRzcpDYuMREu0A;
Metropolitana;,Albergue Plan Protege Calle COVID-19;,Santiago;,Albergue C-19 Vicaría Esperanza Joven;,Moneda 1846, Santiago, Región Metropolitana, Chile;,Fundación Educere;,24 hrs.;,20;,Ver Mapa;,-33.4432013;,-70.6625759;,https://maps.googleapis.com/maps/api/geocode/json?address=Moneda+1846,+Santiago,+Región+Metropolitana,+Chile&key=AIzaSyBr8k58m1tkHh0QNc5S2KRzcpDYuMREu0A;
Metropolitana;,Albergue;,Santiago;,Albergue;,Guardia Marina Ernesto Riquelme 562, Santiago, Región Metropolitana, Chile;,Fundación Mission Golden;,24 hrs.;,20;,Ver Mapa;,-33.4376667;,-70.6612207;,https://maps.googleapis.com/maps/api/geocode/json?address=Guardia+Marina+Ernesto+Riquelme+562,+Santiago,+Región+Metropolitana,+Chile&key=AIzaSyBr8k58m1tkHh0QNc5S2KRzcpDYuMREu0A;
Metropolitana;,Albergue Plan Protege Calle COVID-19;,Santiago;,Albergue C-19 Vicaría Esperanza Joven;,Moneda 1846, Santiago, Región Metropolitana, Chile;,Fundación Educere;,24 hrs.;,20;,Ver Mapa;,-33.4432013;,-70.6625759;,https://maps.googleapis.com/maps/api/geocode/json?address=Moneda+1846,+Santiago,+Región+Metropolitana,+Chile&key=AIzaSyBr8k58m1tkHh0QNc5S2KRzcpDYuMREu0A;
Metropolitana;,Albergue;,Santiago;,Albergue;,Guardia Marina Ernesto Riquelme 562, Santiago, Región Metropolitana, Chile;,Fundación Mission Golden;,24 hrs.;,20;,Ver Mapa;,-33.4376667;,-70.6612207;,https://maps.googleapis.com/maps/api/geocode/json?address=Guardia+Marina+Ernesto+Riquelme+562,+Santiago,+Región+Metropolitana,+Chile&key=AIzaSyBr8k58m1tkHh0QNc5S2KRzcpDYuMREu0A;
Metropolitana;,Albergue;,Santiago;,Albergue;,Rogelio Ugarte 1447, Santiago, Región Metropolitana, Chile;,Pentecostes;,24 hrs.;,20;,Ver Mapa;,-33.4626938;,-70.6336072;,https://maps.googleapis.com/maps/api/geocode/json?address=Rogelio+Ugarte+1447,+Santiago,+Región+Metropolitana,+Chile&key=AIzaSyBr8k58m1tkHh0QNc5S2KRzcpDYuMREu0A;
Metropolitana;,Albergue;,Santiago;,Albergue;,San Francisco 1440, Santiago, Región Metropolitana, Chile;,Fundación Educere;,24 hrs.;,20;,Ver Mapa;,-33.4643803;,-70.6444604;,https://maps.googleapis.com/maps/api/geocode/json?address=San+Francisco+1440,+Santiago,+Región+Metropolitana,+Chile&key=AIzaSyBr8k58m1tkHh0QNc5S2KRzcpDYuMREu0A;
Metropolitana;,Albergue;,Santiago;,Albergue;,Andes 3241, Santiago, Región Metropolitana, Chile;,ONG Cidets;,24 hrs.;,20;,Ver Mapa;,-33.4336393;,-70.6798026;,https://maps.googleapis.com/maps/api/geocode/json?address=Andes+3241,+Santiago,+Región+Metropolitana,+Chile&key=AIzaSyBr8k58m1tkHh0QNc5S2KRzcpDYuMREu0A;
Metropolitana;,Albergue;,Talagante;,Albergue;,Bellavista 509, Talagante, Región Metropolitana, Chile;,Municipalidad de Talagante;,24 hrs.;,20;,Ver Mapa;,-33.6583116;,-70.92635709999999;,https://maps.googleapis.com/maps/api/geocode/json?address=Bellavista+509,+Talagante,+Región+Metropolitana,+Chile&key=AIzaSyBr8k58m1tkHh0QNc5S2KRzcpDYuMREu0A;
Metropolitana;,Albergue;,Talagante;,Albergue;,Veintiuno de Mayo 1696, Talagante, Región Metropolitana, Chile;,Gobernación de Talagante;,24 hrs;,20;,Ver Mapa;,-33.6723348;,-70.9253267;,https://maps.googleapis.com/maps/api/geocode/json?address=Veintiuno+de+Mayo+1696,+Talagante,+Región+Metropolitana,+Chile&key=AIzaSyBr8k58m1tkHh0QNc5S2KRzcpDYuMREu0A;
Metropolitana;,Albergue;,Talagante;,Albergue;,Veintiuno de Mayo 1696, Talagante, Región Metropolitana, Chile;,Gobernación de Talagante;,24 hrs.;,20;,Ver Mapa;,-33.6723348;,-70.9253267;,https://maps.googleapis.com/maps/api/geocode/json?address=Veintiuno+de+Mayo+1696,+Talagante,+Región+Metropolitana,+Chile&key=AIzaSyBr8k58m1tkHh0QNc5S2KRzcpDYuMREu0A;
Metropolitana;,Albergue;,Talagante;,Albergue de Refuerzo;,Miraflores, Talagante, Región Metropolitana, Chile;,Gobernación de Talagante;,24 hrs.;,20;,Ver Mapa;,-33.64972060000001;,-70.9278858;,https://maps.googleapis.com/maps/api/geocode/json?address=Miraflores,+Talagante,+Región+Metropolitana,+Chile&key=AIzaSyBr8k58m1tkHh0QNc5S2KRzcpDYuMREu0A;
Metropolitana;,Albergue;,Tiltil;,Albergue;,Dos Ote 45, Huertos Familiares, Tiltil, Región Metropolitana, Chile;,Municipalidad de Tiltil;,24 hrs.;,20;,Ver Mapa;,-33.133295;,-70.8054721;,https://maps.googleapis.com/maps/api/geocode/json?address=Dos+Ote+45,+Huertos+Familiares,+Tiltil,+Región+Metropolitana,+Chile&key=AIzaSyBr8k58m1tkHh0QNc5S2KRzcpDYuMREu0A;
O Higgins;,Albergue;,Graneros;,Albergue de Refuerzo;,Antofagasta 125, Graneros, O'Higgins, Chile;,Municipalidad de Graneros;,24 hrs.;,20;,Ver Mapa;,-23.6509279;,-70.39750219999999;,https://maps.googleapis.com/maps/api/geocode/json?address=Antofagasta+125,+Graneros,+O'Higgins,+Chile&key=AIzaSyBr8k58m1tkHh0QNc5S2KRzcpDYuMREu0A;
O Higgins;,Albergue;,Rancagua;,Albergue;,Josefina Granger 12, Rancagua, O'Higgins, Chile;,Corporación Retazos;,24 hrs.;,20;,Ver Mapa;,-34.1680213;,-70.7345176;,https://maps.googleapis.com/maps/api/geocode/json?address=Josefina+Granger+12,+Rancagua,+O'Higgins,+Chile&key=AIzaSyBr8k58m1tkHh0QNc5S2KRzcpDYuMREu0A;
O Higgins;,Albergue;,Rancagua;,Albergue;,Unión Americana 729, Rancagua, O'Higgins, Chile;,Corporación Retazos;,24 hrs;,20;,Ver Mapa;,-34.1723283;,-70.75067419999999;,https://maps.googleapis.com/maps/api/geocode/json?address=Unión+Americana+729,+Rancagua,+O'Higgins,+Chile&key=AIzaSyBr8k58m1tkHh0QNc5S2KRzcpDYuMREu0A;
O Higgins;,Albergue Plan Protege Calle COVID-19;,Requínoa;,Albergue Protege;,Avenida Seminario, Requinoa, O'Higgins, Chile;,Cáritas Rancagua;,24 hrs.;,20;,Ver Mapa;,-34.228375;,-70.7894082;,https://maps.googleapis.com/maps/api/geocode/json?address=Avenida+Seminario,+Requinoa,+O'Higgins,+Chile&key=AIzaSyBr8k58m1tkHh0QNc5S2KRzcpDYuMREu0A;
O Higgins;,Albergue;,San Fernando;,Albergue;,Av. Manso de Velasco, San Fernando, O'Higgins, Chile;,Fundación Caritas Rancagua;,24 hrs.;,20;,Ver Mapa;,-34.581566;,-70.9859391;,https://maps.googleapis.com/maps/api/geocode/json?address=Av.+Manso+de+Velasco,+San+Fernando,+O'Higgins,+Chile&key=AIzaSyBr8k58m1tkHh0QNc5S2KRzcpDYuMREu0A;
Maule;,Albergue;,Curicó;,Albergue;,Carmen 981, Curicó, Maule, Chile;,Gobernación  Curicó;,24 hrs.;,20;,Ver Mapa;,-34.980271;,-71.2395946;,https://maps.googleapis.com/maps/api/geocode/json?address=Carmen+981,+Curicó,+Maule,+Chile&key=AIzaSyBr8k58m1tkHh0QNc5S2KRzcpDYuMREu0A;
Maule;,Albergue;,Curicó;,Albergue;,Carmen 951, Curicó, Maule, Chile;,Gobernación de Curicó;,24 hrs.;,20;,Ver Mapa;,-34.9804802;,-71.239502;,https://maps.googleapis.com/maps/api/geocode/json?address=Carmen+951,+Curicó,+Maule,+Chile&key=AIzaSyBr8k58m1tkHh0QNc5S2KRzcpDYuMREu0A;
Maule;,Albergue Plan Protege Calle COVID-19;,Curicó;,Albergue Plan Protege;,callejón Sarmiento, Curicó, Maule, Chile;,Gobernación de Curicó;,24 hrs.;,20;,Ver Mapa;,-34.997812;,-71.24752529999999;,https://maps.googleapis.com/maps/api/geocode/json?address=callejón+Sarmiento,+Curicó,+Maule,+Chile&key=AIzaSyBr8k58m1tkHh0QNc5S2KRzcpDYuMREu0A;
Maule;,Albergue;,Curicó;,Albergue;,Carmen 1421, Curicó, Maule, Chile;,Gobernación  Curicó;,24 hrs.;,20;,Ver Mapa;,-34.9728923;,-71.24024709999999;,https://maps.googleapis.com/maps/api/geocode/json?address=Carmen+1421,+Curicó,+Maule,+Chile&key=AIzaSyBr8k58m1tkHh0QNc5S2KRzcpDYuMREu0A;
Maule;,Albergue;,Linares;,Albergue;,Pdte Ibáñez 630, Linares, Maule, Chile;,Gobernación Linares;,24 hrs.;,20;,Ver Mapa;,-35.8410161;,-71.591839;,https://maps.googleapis.com/maps/api/geocode/json?address=Pdte+Ibáñez+630,+Linares,+Maule,+Chile&key=AIzaSyBr8k58m1tkHh0QNc5S2KRzcpDYuMREu0A;
Maule;,Albergue;,Linares;,Albergue;,Freire 461, Linares, Maule, Chile;,Gobernación Linares;,24 hrs.;,20;,Ver Mapa;,-35.8460687;,-71.60060159999999;,https://maps.googleapis.com/maps/api/geocode/json?address=Freire+461,+Linares,+Maule,+Chile&key=AIzaSyBr8k58m1tkHh0QNc5S2KRzcpDYuMREu0A;
Maule;,Albergue Plan Protege Calle COVID-19;,Talca;,Albergue Plan Protege;,3 Sur 12 1/2 Poniente, Quinta los Maquis S/N, Talca, Maule, Chile;,Gobernación de Talca;,24 hrs.;,20;,Ver Mapa;,-35.4409854;,-71.6698485;,https://maps.googleapis.com/maps/api/geocode/json?address=3+Sur+12+1/2+Poniente,+Quinta+los+Maquis+S/N,+Talca,+Maule,+Chile&key=AIzaSyBr8k58m1tkHh0QNc5S2KRzcpDYuMREu0A;
Maule;,Albergue;,Talca;,Albergue;,Calle 1 Pte. 865, Talca, Maule, Chile;,Gobernación Talca;,24 hrs.;,20;,Ver Mapa;,-35.4296899;,-71.66706599999999;,https://maps.googleapis.com/maps/api/geocode/json?address=Calle+1+Pte.+865,+Talca,+Maule,+Chile&key=AIzaSyBr8k58m1tkHh0QNc5S2KRzcpDYuMREu0A;
Biobío;,Albergue;,Arauco;,Cupo de Invierno;,Prat 183, Arauco, Bío Bío, Chile;,Municipalidad de Arauco;,24 hrs.;,10;,Ver Mapa;,-37.2402014;,-73.3229675;,https://maps.googleapis.com/maps/api/geocode/json?address=Prat+183,+Arauco,+Bío+Bío,+Chile&key=AIzaSyBr8k58m1tkHh0QNc5S2KRzcpDYuMREu0A;
Biobío;,Albergue;,Cañete;,Albergue;,Arturo Prat 379, Cañete, Bío Bío, Chile;,Municipalidad Cañete;,24 hrs;,20;,Ver Mapa;,-37.80019679999999;,-73.397804;,https://maps.googleapis.com/maps/api/geocode/json?address=Arturo+Prat+379,+Cañete,+Bío+Bío,+Chile&key=AIzaSyBr8k58m1tkHh0QNc5S2KRzcpDYuMREu0A;
Biobío;,Albergue;,Concepción;,Albergue;,Cochrane 1064, Concepción, Bío Bío, Chile;,Corporación Sempiterno;,24 hrs;,20;,Ver Mapa;,-36.8275485;,-73.04339929999999;,https://maps.googleapis.com/maps/api/geocode/json?address=Cochrane+1064,+Concepción,+Bío+Bío,+Chile&key=AIzaSyBr8k58m1tkHh0QNc5S2KRzcpDYuMREu0A;
Biobío;,Albergue Plan Protege Calle COVID-19;,Concepción;,Plan Protege Calle Covid - 19;,Trinitarias 175, Concepción, Bío Bío, Chile;,Corporación Sempiterno;,24 horas;,20;,Ver Mapa;,-36.8298903;,-73.0485609;,https://maps.googleapis.com/maps/api/geocode/json?address=Trinitarias+175,+Concepción,+Bío+Bío,+Chile&key=AIzaSyBr8k58m1tkHh0QNc5S2KRzcpDYuMREu0A;
Biobío;,Albergue;,Coronel;,Albergue;,Juan Antonio Ríos 1388, Coronel, Bío Bío, Chile;,Municipalidad de Coronel;,24 hrs.;,20;,Ver Mapa;,-37.0028179;,-73.165086;,https://maps.googleapis.com/maps/api/geocode/json?address=Juan+Antonio+Ríos+1388,+Coronel,+Bío+Bío,+Chile&key=AIzaSyBr8k58m1tkHh0QNc5S2KRzcpDYuMREu0A;
Biobío;,Albergue;,Curanilahue;,Cupo de Invierno;,Colo Colo 775, Curanilahue, Bío Bío, Chile;,Fundación Novo Millennio;,24 hrs.;,10;,Ver Mapa;,-37.4765377;,-73.3439928;,https://maps.googleapis.com/maps/api/geocode/json?address=Colo+Colo+775,+Curanilahue,+Bío+Bío,+Chile&key=AIzaSyBr8k58m1tkHh0QNc5S2KRzcpDYuMREu0A;
Biobío;,Albergue;,Los Álamos;,Albergue;,18 De Septiembre, Los Alamos, Bío Bío, Chile;,Fundación Novo Millennio;,24 hrs.;,20;,Ver Mapa;,-37.6261237;,-73.46226639999999;,https://maps.googleapis.com/maps/api/geocode/json?address=18+De+Septiembre,+Los+Alamos,+Bío+Bío,+Chile&key=AIzaSyBr8k58m1tkHh0QNc5S2KRzcpDYuMREu0A;
Biobío;,Albergue;,Los Ángeles;,Albergue;,Bulnes 746, Los Angeles, Los Ángeles, Bío Bío, Chile;,Municipalidad Los Ángeles;,24 hrs.;,20;,Ver Mapa;,-37.47401430000001;,-72.3583283;,https://maps.googleapis.com/maps/api/geocode/json?address=Bulnes+746,+Los+Angeles,+Los+Ángeles,+Bío+Bío,+Chile&key=AIzaSyBr8k58m1tkHh0QNc5S2KRzcpDYuMREu0A;
Biobío;,Albergue Plan Protege Calle COVID-19;,Los Ángeles;,Albergue Plan Protege;,Almagro 124, Los Ángeles, Bío Bío, Chile;,Gobernación Biobío;,24 hrs.;,20;,Ver Mapa;,-37.4722349;,-72.3496735;,https://maps.googleapis.com/maps/api/geocode/json?address=Almagro+124,+Los+Ángeles,+Bío+Bío,+Chile&key=AIzaSyBr8k58m1tkHh0QNc5S2KRzcpDYuMREu0A;
Biobío;,Albergue;,Lota;,Cupo de Invierno;,Pedro Aguirre Cerda 185, Lota, Bío Bío, Chile;,Fundación Novo Millennio;,24 hrs;,10;,Ver Mapa;,-37.0958726;,-73.1545268;,https://maps.googleapis.com/maps/api/geocode/json?address=Pedro+Aguirre+Cerda+185,+Lota,+Bío+Bío,+Chile&key=AIzaSyBr8k58m1tkHh0QNc5S2KRzcpDYuMREu0A;
Biobío;,Albergue;,Talcahuano;,Albergue;,Echeverría & Alto Horno, Talcahuano, Bío Bío, Chile;,Fundación Novo Millennio;,24 hrs.;,20;,Ver Mapa;,32.509547;,-116.304279;,https://maps.googleapis.com/maps/api/geocode/json?address=Echeverría+&+Alto+Horno,+Talcahuano,+Bío+Bío,+Chile&key=AIzaSyBr8k58m1tkHh0QNc5S2KRzcpDYuMREu0A;
Biobío;,Albergue;,Talcahuano;,Albergue;,España 171, Talcahuano, Bío Bío, Chile;,Fundación Novo Millennio;,24 hrs.;,20;,Ver Mapa;,-36.7217381;,-73.12426049999999;,https://maps.googleapis.com/maps/api/geocode/json?address=España+171,+Talcahuano,+Bío+Bío,+Chile&key=AIzaSyBr8k58m1tkHh0QNc5S2KRzcpDYuMREu0A;
Biobío;,Albergue;,Tomé;,Albergue;,Baquedano 621, Tome, Tomé, Bío Bío, Chile;,Municipalidad de Tomé;,24 hrs.;,20;,Ver Mapa;,-36.6170168;,-72.9622401;,https://maps.googleapis.com/maps/api/geocode/json?address=Baquedano+621,+Tome,+Tomé,+Bío+Bío,+Chile&key=AIzaSyBr8k58m1tkHh0QNc5S2KRzcpDYuMREu0A;
Araucanía;,Albergue;,Angol;,Albergue;,Las Rosas 241, Angol, Araucanía, Chile;,Gobernacón de  Malleco;,24;,20;,Ver Mapa;,-37.8013197;,-72.6921359;,https://maps.googleapis.com/maps/api/geocode/json?address=Las+Rosas+241,+Angol,+Araucanía,+Chile&key=AIzaSyBr8k58m1tkHh0QNc5S2KRzcpDYuMREu0A;
Araucanía;,Albergue;,Temuco;,Albergue de Refuerzo;,Antifil 555, Temuco, Araucanía, Chile;,Gobernación de Cautín;,24 hrs.;,20;,Ver Mapa;,-38.7397858;,-72.5769926;,https://maps.googleapis.com/maps/api/geocode/json?address=Antifil+555,+Temuco,+Araucanía,+Chile&key=AIzaSyBr8k58m1tkHh0QNc5S2KRzcpDYuMREu0A;
Araucanía;,Albergue Plan Protege Calle COVID-19;,Temuco;,Albergue Plan Protege;,Andrés Bello 183, Temuco, Araucanía, Chile;,Fundación Cáritas;,24 hrs.;,20;,Ver Mapa;,-38.7401343;,-72.5993948;,https://maps.googleapis.com/maps/api/geocode/json?address=Andrés+Bello+183,+Temuco,+Araucanía,+Chile&key=AIzaSyBr8k58m1tkHh0QNc5S2KRzcpDYuMREu0A;
Araucanía;,Albergue;,Villarrica;,Albergue;,Manuel Rodriguez 1183, Villarrica, Región de la Araucanía, Chile;,Municipalidad de Villarrica;,24 hrs.;,20;,Ver Mapa;,-39.2902559;,-72.2272263;,https://maps.googleapis.com/maps/api/geocode/json?address=Manuel+Rodriguez+1183,+Villarrica,+Región+de+la+Araucanía,+Chile&key=AIzaSyBr8k58m1tkHh0QNc5S2KRzcpDYuMREu0A;
Los Ríos;,Albergue;,La Unión;,Albergue;,Cayetano Letelier 614, La Unión, Los Ríos, Chile;,Municipalidad de La Unión;,24 hrs.;,20;,Ver Mapa;,-40.2964601;,-73.0790075;,https://maps.googleapis.com/maps/api/geocode/json?address=Cayetano+Letelier+614,+La+Unión,+Los+Ríos,+Chile&key=AIzaSyBr8k58m1tkHh0QNc5S2KRzcpDYuMREu0A;
Los Ríos;,Albergue;,Valdivia;,Albergue;,Camilo Henríquez 746, Valdivia, Los Ríos, Chile;,Consejo de acción y cultural Movamos Valdivia;,24 hrs;,20;,Ver Mapa;,-39.8170527;,-73.2449424;,https://maps.googleapis.com/maps/api/geocode/json?address=Camilo+Henríquez+746,+Valdivia,+Los+Ríos,+Chile&key=AIzaSyBr8k58m1tkHh0QNc5S2KRzcpDYuMREu0A;
Los Ríos;,Albergue Plan Protege Calle COVID-19;,Valdivia;,Albergue Plan Protege;,Barros Arana 684, Valdivia, Los Ríos, Chile;,ONG Los Caminos de la Vida;,24 hrs.;,20;,Ver Mapa;,-39.8242871;,-73.2305027;,https://maps.googleapis.com/maps/api/geocode/json?address=Barros+Arana+684,+Valdivia,+Los+Ríos,+Chile&key=AIzaSyBr8k58m1tkHh0QNc5S2KRzcpDYuMREu0A;
Los Lagos;,Albergue;,Castro;,Albergue;,Monjitas 715, Castro, Los Lagos, Chile;,Gobernación de Chiloé;,24 hrs;,20;,Ver Mapa;,-42.477909;,-73.762693;,https://maps.googleapis.com/maps/api/geocode/json?address=Monjitas+715,+Castro,+Los+Lagos,+Chile&key=AIzaSyBr8k58m1tkHh0QNc5S2KRzcpDYuMREu0A;
Los Lagos;,Albergue;,Osorno;,Albergue;,Guillermo Matta 433, Osorno, Los Lagos, Chile;,Gobernacion Osorno;,24 hrs.;,20;,Ver Mapa;,-40.5719989;,-73.1199038;,https://maps.googleapis.com/maps/api/geocode/json?address=Guillermo+Matta+433,+Osorno,+Los+Lagos,+Chile&key=AIzaSyBr8k58m1tkHh0QNc5S2KRzcpDYuMREu0A;
Los Lagos;,Albergue;,Osorno;,Albergue;,Cesar Ercilla 1430, Osorno, Los Lagos, Chile;,Municipalidad de Osorno;,24 hrs;,20;,Ver Mapa;,-40.5843025;,-73.1199809;,https://maps.googleapis.com/maps/api/geocode/json?address=Cesar+Ercilla+1430,+Osorno,+Los+Lagos,+Chile&key=AIzaSyBr8k58m1tkHh0QNc5S2KRzcpDYuMREu0A;
Los Lagos;,Albergue;,Puerto Montt;,Albergue;,Cerro La Virgen, Puerto Montt, Los Lagos, Chile;,Fund. Casa de Nazareth;,24 hrs.;,20;,Ver Mapa;,-41.4548186;,-72.9498113;,https://maps.googleapis.com/maps/api/geocode/json?address=Cerro+La+Virgen,+Puerto+Montt,+Los+Lagos,+Chile&key=AIzaSyBr8k58m1tkHh0QNc5S2KRzcpDYuMREu0A;
Los Lagos;,Albergue Plan Protege Calle COVID-19;,Puerto Montt;,Albergue Plan Protege Calle;,Los Sauces 229, Puerto Montt, Los Lagos, Chile;,Fundación Casa Nazareth;,24 hrs.;,20;,Ver Mapa;,-41.4737701;,-72.9619472;,https://maps.googleapis.com/maps/api/geocode/json?address=Los+Sauces+229,+Puerto+Montt,+Los+Lagos,+Chile&key=AIzaSyBr8k58m1tkHh0QNc5S2KRzcpDYuMREu0A;
Los Lagos;,Albergue;,Puerto Montt;,Albergue;,Maratón & Egaña, Puerto Montt, Los Lagos, Chile;,Municipalidad Puerto Montt;,24;,20;,Ver Mapa;,31.7249582;,-106.4275701;,https://maps.googleapis.com/maps/api/geocode/json?address=Maratón+&+Egaña,+Puerto+Montt,+Los+Lagos,+Chile&key=AIzaSyBr8k58m1tkHh0QNc5S2KRzcpDYuMREu0A;
Aysén;,Albergue;,Aysén;,Albergue PI;,Av. Eusebio Ibar 1130, Puerto Aysen, Aysén, Chile;,Municipalidad Puerto Aysén;,24 hrs.;,20;,Ver Mapa;,-45.3940718;,-72.68925899999999;,https://maps.googleapis.com/maps/api/geocode/json?address=Av.+Eusebio+Ibar+1130,+Puerto+Aysen,+Aysén,+Chile&key=AIzaSyBr8k58m1tkHh0QNc5S2KRzcpDYuMREu0A;
Aysén;,Albergue Plan Protege Calle COVID-19;,Coyhaique;,Albergue Plan Protege;,Ogana 1150, Coyhaique, Aysén, Chile;,Fundación Hogar de Cristo;,24 hrs.;,20;,Ver Mapa;,-45.5820233;,-72.0742655;,https://maps.googleapis.com/maps/api/geocode/json?address=Ogana+1150,+Coyhaique,+Aysén,+Chile&key=AIzaSyBr8k58m1tkHh0QNc5S2KRzcpDYuMREu0A;
Aysén;,Albergue;,Coyhaique;,Cupo de Invierno;,Almirante Simpson 759, Coyhaique, Aysén, Chile;,Fundación Hogar de Cristo;,24 hrs;,20;,Ver Mapa;,-45.5781851;,-72.0667904;,https://maps.googleapis.com/maps/api/geocode/json?address=Almirante+Simpson+759,+Coyhaique,+Aysén,+Chile&key=AIzaSyBr8k58m1tkHh0QNc5S2KRzcpDYuMREu0A;
Magallanes;,Albergue;,Natales;,Albergue;,Lanceros, Puerto Natales, Natales, Magallanes y la Antártica Chilena, Chile;,Municipalidad Puerto Natales;,24 hrs;,20;,Ver Mapa;,-51.73280519999999;,-72.4910594;,https://maps.googleapis.com/maps/api/geocode/json?address=Lanceros,+Puerto+Natales,+Natales,+Magallanes+y+la+Antártica+Chilena,+Chile&key=AIzaSyBr8k58m1tkHh0QNc5S2KRzcpDYuMREu0A;
Magallanes;,Albergue Plan Protege Calle COVID-19;,Punta Arenas;,Albergue Protege;,Uruguay 1560, Punta Arenas, Magallanes y la Antártica Chilena, Chile;,Fide XII;,24 hrs;,20;,Ver Mapa;,-53.1410279;,-70.8813344;,https://maps.googleapis.com/maps/api/geocode/json?address=Uruguay+1560,+Punta+Arenas,+Magallanes+y+la+Antártica+Chilena,+Chile&key=AIzaSyBr8k58m1tkHh0QNc5S2KRzcpDYuMREu0A;
Magallanes;,Albergue;,Punta Arenas;,Albergue;,Capitán Juan Guillermos 1171, Punta Arenas, Magallanes y la Antártica Chilena, Chile;,Fundación Fide XII;,24 hrs.;,20;,Ver Mapa;,-53.1391217;,-70.91674549999999;,https://maps.googleapis.com/maps/api/geocode/json?address=Capitán+Juan+Guillermos+1171,+Punta+Arenas,+Magallanes+y+la+Antártica+Chilena,+Chile&key=AIzaSyBr8k58m1tkHh0QNc5S2KRzcpDYuMREu0A;
Ñuble;,Albergue;,Chillán;,Albergue;,El Roble 161, Chillan, Chillán, Región del Bío Bío, Chile;,ONG Padre Chango;,24 hrs.;,20;,Ver Mapa;,-36.8225012;,-73.0132711;,https://maps.googleapis.com/maps/api/geocode/json?address=El+Roble+161,+Chillan,+Chillán,+Región+del+Bío+Bío,+Chile&key=AIzaSyBr8k58m1tkHh0QNc5S2KRzcpDYuMREu0A;
Ñuble;,Albergue;,Chillán;,Albergue;,Libertad 336, Chillan, Chillán, Región del Bío Bío, Chile;,Corporación ADRA;,24 hrs.;,20;,Ver Mapa;,-36.6053692;,-72.1065222;,https://maps.googleapis.com/maps/api/geocode/json?address=Libertad+336,+Chillan,+Chillán,+Región+del+Bío+Bío,+Chile&key=AIzaSyBr8k58m1tkHh0QNc5S2KRzcpDYuMREu0A;
Ñuble;,Albergue Plan Protege Calle COVID-19;,Chillán;,Albergue Plan Protege Calle;,El Roble 257, Chillan, Chillán, Región del Bío Bío, Chile;,ONG  Padre Chango;,24 hrs.;,20;,Ver Mapa;,-36.6073391;,-72.10847439999999;,https://maps.googleapis.com/maps/api/geocode/json?address=El+Roble+257,+Chillan,+Chillán,+Región+del+Bío+Bío,+Chile&key=AIzaSyBr8k58m1tkHh0QNc5S2KRzcpDYuMREu0A;
Ñuble;,Albergue;,Chillán;,Albergue;,Libertad 244, Chillan, Chillán, Región del Bío Bío, Chile;,Corporación ADRA;,24 hrs.;,20;,Ver Mapa;,-36.6050976;,-72.107778;,https://maps.googleapis.com/maps/api/geocode/json?address=Libertad+244,+Chillan,+Chillán,+Región+del+Bío+Bío,+Chile&key=AIzaSyBr8k58m1tkHh0QNc5S2KRzcpDYuMREu0A;
Ñuble;,Albergue;,San Carlos;,Albergue;,Chacabuco 140, San Carlos, Bío Bío, Chile;,Gobernación Punilla;,24 hrs.;,20;,Ver Mapa;,-36.4304847;,-71.9625105;,https://maps.googleapis.com/maps/api/geocode/json?address=Chacabuco+140,+San+Carlos,+Bío+Bío,+Chile&key=AIzaSyBr8k58m1tkHh0QNc5S2KRzcpDYuMREu0A;
